name,label,acm,std_error
popc,POPC,225.53449447136256,6.36479070094909
sca,ALA,222.70368487557457,7.87803547209197
scv,VAL,253.4561414338216,7.69613655035151
scl,LEU,240.34013250230606,9.38158578131315
sci,ILE,254.05723828858734,5.372148715277233
scc,CYS,249.91977320096976,9.397517248199414
scm,MET,252.9969559712107,7.545448873983908
scs,SER,206.60256499560344,10.57901574425146
sct,THR,235.70030598778055,9.979291292352787
scn,ASN,197.04185271042286,8.02831953879688
scq,GLN,212.4135692430574,11.453848762524485
scf,PHE,254.62717254412448,12.905581453591166
scy,TYR,291.31318849388117,9.40571231209948
scw,TRP,314.3218190878476,15.544723372428466
scp,PRO,210.23183840346843,8.935688647402289
glyd,GLYD,219.2382111608306,8.019239650987197
sche,HSE,227.41770897385982,6.8394471653993385
schd,HSD,190.34374438705086,11.903687441631886
scdn,ASP0,214.57617098341248,9.398003147847598
scen,GLU0,236.77166274038467,6.933774599284873
sckn,LYS0,229.62731991526738,17.079609383752295
scrn,ARG0,274.612943848357,11.695546474164596
schp,HSP+,221.19330825441446,11.777050326630052
scd,ASP-,220.85701292728695,11.007598176496652
sce,GLU-,215.67425551873106,6.962487164848955
sccm,CYS-,228.38461970873342,11.951752254144742
scym,TYR-,222.060499352063,6.795280861416487
sck,LYS+,230.76814520368984,11.660806322120033
scr,ARG+,213.48552798650172,10.799212187139156
scrn-1,ARG0 (0.1M),243.07945739491754,9.03965506454013
scw-1,TRP (0.1M),234.12171444616538,9.862095832056779
