name,label,acm,std_error
popc,POPC,225.53449447136256,6.36479070094909
sca,ALA,222.70368487557457,7.87803547209197
scv,VAL,253.4561414338216,7.69613655035151
scl,LEU,240.22005350996506,9.342112672023068
sci,ILE,253.7173240695818,5.138335049169496
scc,CYS,249.91977320096976,9.397517248199414
scm,MET,252.9969559712107,7.545448873983908
scs,SER,206.75445166755887,10.589829741712629
sct,THR,235.70030598778055,9.979291292352787
scn,ASN,197.04185271042286,8.02831953879688
scq,GLN,212.4135692430574,11.453848762524485
scf,PHE,254.62717254412448,12.905581453591166
scy,TYR,291.31318849388117,9.40571231209948
scw,TRP,314.3218190878476,15.544723372428466
scp,PRO,210.23183840346843,8.935688647402289
glyd,GLYD,219.2382111608306,8.019239650987197
sche,HSE,227.41770897385982,6.8394471653993385
schd,HSD,190.34374438705086,11.903687441631886
scdn,ASP0,214.57617098341248,9.398003147847598
scen,GLU0,236.77166274038467,6.933774599284873
sckn,LYS0,229.62731991526738,17.079609383752295
scrn,ARG0,274.612943848357,11.695546474164596
schp,HSP+,221.19330825441446,11.777050326630052
scd,ASP-,220.79211105926794,10.998530241426296
sce,GLU-,215.67425551873106,6.962487164848955
sccm,CYS-,228.38461970873342,11.951752254144742
scym,TYR-,214.97679677199443,13.547071064519933
sck,LYS+,230.11394413151012,12.02554460985383
scr,ARG+,213.48552798650172,10.799212187139156
scrn-1,ARG0 (0.1M),243.03483051556088,9.037559499410932
scw-1,TRP (0.1M),234.12171444616538,9.862095832056779
