{
  "cutoff_inflection": {
    "mean": 4.805555555555555,
    "std": 2.249828525701843,
    "median": 3.5,
    "iqr": [
      3.375,
      6.25
    ]
  },
  "cutoff_elbow": {
    "mean": 5.361111111111111,
    "std": 1.3005222123021807,
    "median": 6.0,
    "iqr": [
      4.0,
      6.25
    ]
  },
  "cutoff_percolation": {
    "mean": 7.727043272516228,
    "std": 1.5397509060616195,
    "median": 8.19021621034333,
    "iqr": [
      7.343479437229439,
      8.676470588235293
    ]
  },
  "isolation_at_cutoffs": {
    "3.5": {
      "mean": 0.9810683760683759,
      "std": 0.034094423122715024
    },
    "4.0": {
      "mean": 0.9298005698005694,
      "std": 0.09720019683094853
    },
    "4.5": {
      "mean": 0.8948717948717944,
      "std": 0.12199767191492925
    },
    "5.0": {
      "mean": 0.8727065527065522,
      "std": 0.13296178019725233
    },
    "5.5": {
      "mean": 0.8533333333333326,
      "std": 0.14015996934344496
    },
    "6.0": {
      "mean": 0.835384615384615,
      "std": 0.14671451165100888
    }
  },
  "recommended_cutoff": 6.0,
  "conservative_cutoff": 4.0,
  "permissive_cutoff": 6.25
}